COPY kraj (id, nazwa) FROM stdin;
POL	Polska
SRB	Serbia
GER	Niemcy
CZE	Czechy
SVK	Slowacja
\.


COPY sezon (id, rozp, zak) FROM stdin;
2018/2019	2018	2019
2019/2020	2019	2020
2017/2018	2017	2018
2020/2021	2020	2021
\.


COPY trener (id, imie, nazwisko, kraj_id) FROM stdin;
VUK	Aleksandar	Vukovic	SRB
STO	Maciej	Stolarczyk	POL
MOS	Kazimierz	Moskal	POL
SMY	Miroslaw	Smyla	POL
ROG	Aleksandar	Rogic	SRB
BRO	Marcin	Brosz	POL
PAP	Marek	Papszun	POL
SEV	Martin	Sevela	SVK
ZUR	Dariusz	Zuraw	POL
STK	Piotr	Stokowiec	POL
MAM	Ireneusz	Mamrot	POL
SOB	Radoslaw	Sobolewski	POL
LAV	Vitezlav	Lavicka	CZE
PRO	Michal	Probierz	POL
RUN	Kosta	Runjaic	GER
FOR	Waldemar	Fornalik	POL
\.


COPY klub (id, nazwa_klubu, nazwa_spolki, kraj_id, trener_id, rok_powst, barwy) FROM stdin;
LEG	Legia Warszawa	Legia Warszawa Spolka Akcyjna	POL	VUK	1916	czerwono-bialo-zielono-czarne
PIA	Piast Gliwice	Gliwicki Klub Sportowy Piast Spolka Akcyjna	POL	FOR	1945	niebiesko-czerwone
POG	Pogon Szczecin	Morski Klub Sportowy Pogon Szczecin	POL	RUN	1948	niebiesko-czerwone
CRA	Cracovia	Miejski Klub Sportowy Cracovia Sportowa Spolka Akcyjna	POL	PRO	1906	bialo-czerwone
SLA	Slask Wroclaw	Wroclawski Klub Sportowy Slask Wroclaw Spolka Akcyjna	POL	LAV	1947	zielono-bialo-czerwone
WPL	Wisla Plock	Wisla Plock Spolka Akcyjna	POL	SOB	1947	niebiesko-bialo-niebieskie
JAG	Jagiellonia Bialystok	Sportowa Spolka Akcyjna Jagiellonia Bialystok	POL	MAM	1932	zolto-czerwone
LGD	Lechia Gdansk	Lechia Gdansk Spolka Akcyjna	POL	STK	1945	bialo-zielone
LPO	Lech Poznan	Kolejowy Klub Sportowy Lech Poznan Spolka Akcyjna	POL	ZUR	1922	niebiesko-biale
ZAG	Zaglebie Lubin	Zaglebie Lubin Spolka Akcyjna	POL	SEV	1945	miedziano-bialo-zielone
RCZ	Rakow Czestochowa	RKS Rakow Czestochowa Spolka Akcyjna	POL	PAP	1921	czerwono-niebieskie
GOR	Gornik Zabrze	Gornik Zabrze Sportowa Spolka Akcyjna	POL	BRO	1948	bialo-niebiesko-czerwone
ARK	Arka Gdynia	Arka Gdynia Sportowa Spolka Akcyjna	POL	ROG	1929	zolto-niebieskie
KOR	Korona Kielce	Korona Kielce Spolka Akcyjna	POL	SMY	1973	zolto-czerwone
LKS	LKS Lodz	Lodzki Klub Sportowy Lodz Spolka Akcyjna	POL	MOS	1908	bialo-czerwono-biale
WIS	Wisla Krakow	Wisla Krakow Spolka Akcyjna	POL	STO	1906	czerwono-bialo-niebieskie
\.


COPY mecz (id, sezon_id, gosp_id, gosc_id, gole_gosp, gole_gosc) FROM stdin;
1	2019/2020	ARK	JAG	0	3
2	2019/2020	LEG	POG	1	2
3	2019/2020	LKS	LGD	0	0
4	2019/2020	PIA	LPO	1	1
5	2019/2020	RCZ	KOR	0	1
6	2019/2020	WIS	SLA	0	1
7	2019/2020	WPL	GOR	1	1
8	2019/2020	ZAG	CRA	1	1
9	2019/2020	CRA	LKS	1	2
10	2019/2020	GOR	ZAG	1	0
11	2019/2020	JAG	RCZ	0	1
12	2019/2020	KOR	LEG	1	2
13	2019/2020	LPO	WPL	4	0
14	2019/2020	LGD	WIS	0	0
15	2019/2020	POG	ARK	2	0
16	2019/2020	SLA	PIA	2	1
17	2019/2020	ARK	KOR	1	1
18	2019/2020	LEG	SLA	0	0
19	2019/2020	LKS	LPO	1	2
20	2019/2020	PIA	POG	0	0
21	2019/2020	RCZ	CRA	1	3
22	2019/2020	WIS	GOR	1	0
23	2019/2020	WPL	LGD	1	2
24	2019/2020	ZAG	JAG	2	2
25	2019/2020	CRA	KOR	1	0
26	2019/2020	GOR	RCZ	1	0
27	2019/2020	LPO	SLA	1	3
28	2019/2020	LGD	JAG	1	1
29	2019/2020	LKS	PIA	0	1
30	2019/2020	POG	WIS	1	0
31	2019/2020	WPL	LEG	1	0
32	2019/2020	ZAG	ARK	2	0
33	2019/2020	ARK	LPO	0	0
34	2019/2020	JAG	GOR	3	1
35	2019/2020	KOR	POG	0	1
36	2019/2020	LEG	ZAG	1	0
37	2019/2020	PIA	WPL	1	0
38	2019/2020	RCZ	LGD	2	1
39	2019/2020	SLA	CRA	2	1
40	2019/2020	WIS	LKS	4	0
41	2019/2020	CRA	ARK	3	1
42	2019/2020	GOR	KOR	3	0
43	2019/2020	JAG	WIS	3	2
44	2019/2020	LGD	SLA	1	1
45	2019/2020	LKS	LEG	2	3
46	2019/2020	POG	WPL	1	2
47	2019/2020	RCZ	LPO	2	3
48	2019/2020	ZAG	PIA	0	3
49	2019/2020	ARK	GOR	1	0
50	2019/2020	KOR	JAG	0	2
51	2019/2020	LPO	CRA	1	2
52	2019/2020	LEG	RCZ	3	1
53	2019/2020	PIA	LGD	1	2
54	2019/2020	SLA	POG	1	1
55	2019/2020	WIS	ZAG	4	2
56	2019/2020	WPL	LKS	2	1
57	2019/2020	CRA	PIA	2	0
58	2019/2020	GOR	SLA	0	0
59	2019/2020	JAG	LEG	0	0
60	2019/2020	KOR	WIS	1	1
61	2019/2020	LGD	LPO	2	1
62	2019/2020	POG	LKS	1	0
63	2019/2020	RCZ	ARK	2	0
64	2019/2020	ZAG	WPL	5	0
65	2019/2020	CRA	LEG	1	2
66	2019/2020	LPO	JAG	1	1
67	2019/2020	LGD	KOR	2	0
68	2019/2020	LKS	ARK	1	4
69	2019/2020	PIA	RCZ	2	1
70	2019/2020	POG	GOR	1	1
71	2019/2020	SLA	ZAG	4	4
72	2019/2020	WPL	WIS	2	1
73	2019/2020	ARK	PIA	0	0
74	2019/2020	GOR	LPO	1	3
75	2019/2020	JAG	POG	2	3
76	2019/2020	KOR	SLA	1	0
77	2019/2020	LEG	LGD	1	2
78	2019/2020	RCZ	WPL	1	2
79	2019/2020	WIS	CRA	0	1
80	2019/2020	ZAG	LKS	3	1
81	2019/2020	CRA	GOR	1	1
82	2019/2020	LPO	WIS	4	0
83	2019/2020	LGD	ZAG	1	2
84	2019/2020	LKS	KOR	4	1
85	2019/2020	PIA	LEG	2	0
86	2019/2020	POG	RCZ	1	2
87	2019/2020	SLA	JAG	1	1
88	2019/2020	WPL	ARK	4	1
89	2019/2020	ARK	LGD	2	2
91	2019/2020	GOR	LKS	1	1
90	2019/2020	JAG	CRA	3	2
92	2019/2020	KOR	WPL	0	1
93	2019/2020	LEG	LPO	2	1
94	2019/2020	RCZ	SLA	1	0
95	2019/2020	WIS	PIA	1	2
96	2019/2020	ZAG	POG	0	1
97	2019/2020	CRA	POG	2	0
98	2019/2020	LPO	ZAG	1	2
99	2019/2020	LGD	GOR	1	1
100	2019/2020	LEG	WIS	7	0
101	2019/2020	LKS	RCZ	2	0
102	2019/2020	PIA	KOR	1	0
103	2019/2020	SLA	ARK	2	1
104	2019/2020	WPL	JAG	3	1
105	2019/2020	ARK	LEG	0	1
106	2019/2020	CRA	LGD	1	0
107	2019/2020	GOR	PIA	1	1
108	2019/2020	JAG	LKS	2	0
109	2019/2020	KOR	ZAG	1	0
110	2019/2020	POG	LPO	1	1
111	2019/2020	RCZ	WIS	1	0
112	2019/2020	SLA	WPL	3	1
113	2019/2020	LPO	KOR	0	0
114	2019/2020	LGD	POG	0	1
115	2019/2020	LEG	GOR	5	1
116	2019/2020	LKS	SLA	0	1
117	2019/2020	PIA	JAG	3	1
118	2019/2020	WIS	ARK	0	1
119	2019/2020	WPL	CRA	0	0
120	2019/2020	ZAG	RCZ	2	2
121	2019/2020	CRA	ZAG	2	0
122	2019/2020	GOR	WPL	2	2
123	2019/2020	JAG	ARK	2	0
124	2019/2020	KOR	RCZ	3	0
125	2019/2020	LPO	PIA	3	0
126	2019/2020	LGD	LKS	3	1
127	2019/2020	POG	LEG	3	1
128	2019/2020	SLA	WIS	2	1
129	2019/2020	ARK	POG	1	1
130	2019/2020	LEG	KOR	4	0
131	2019/2020	LKS	CRA	1	0
132	2019/2020	PIA	SLA	0	3
133	2019/2020	RCZ	JAG	2	1
134	2019/2020	WIS	LGD	0	1
135	2019/2020	WPL	LPO	0	2
136	2019/2020	ZAG	GOR	2	0
137	2019/2020	CRA	RCZ	3	0
138	2019/2020	GOR	WIS	4	2
139	2019/2020	JAG	ZAG	0	1
140	2019/2020	KOR	ARK	0	1
141	2019/2020	LPO	LKS	2	0
142	2019/2020	LGD	WPL	2	0
143	2019/2020	POG	PIA	1	0
144	2019/2020	SLA	LEG	0	3
145	2019/2020	ARK	ZAG	2	1
146	2019/2020	JAG	LGD	3	0
147	2019/2020	KOR	CRA	1	0
148	2019/2020	LEG	WPL	3	1
149	2019/2020	PIA	LKS	2	1
150	2019/2020	RCZ	GOR	2	1
151	2019/2020	SLA	LPO	1	1
152	2019/2020	WIS	POG	1	0
153	2019/2020	CRA	SLA	2	0
154	2019/2020	GOR	JAG	3	0
155	2019/2020	LPO	ARK	1	1
156	2019/2020	LGD	RCZ	0	3
157	2019/2020	LKS	WIS	2	4
158	2019/2020	POG	KOR	0	1
159	2019/2020	WPL	PIA	2	1
160	2019/2020	ZAG	LEG	2	1
161	2019/2020	ARK	CRA	0	1
162	2019/2020	KOR	GOR	0	0
163	2019/2020	LPO	RCZ	3	0
164	2019/2020	LEG	LKS	3	1
165	2019/2020	PIA	ZAG	2	0
166	2019/2020	SLA	LGD	2	2
167	2019/2020	WIS	JAG	3	0
168	2019/2020	WPL	POG	2	3
169	2019/2020	CRA	LPO	2	1
170	2019/2020	GOR	ARK	2	0
171	2019/2020	JAG	KOR	0	0
172	2019/2020	LGD	PIA	1	0
173	2019/2020	LKS	WPL	0	0
174	2019/2020	POG	SLA	0	0
176	2019/2020	ZAG	WIS	0	1
175	2019/2020	RCZ	LEG	2	2
177	2019/2020	ARK	RCZ	3	2
178	2019/2020	LPO	LGD	2	0
179	2019/2020	LEG	JAG	4	0
180	2019/2020	LKS	POG	0	0
181	2019/2020	PIA	CRA	1	0
182	2019/2020	SLA	GOR	2	1
183	2019/2020	WIS	KOR	2	0
184	2019/2020	WPL	ZAG	1	1
\.


